Ticker,Company Name,Listing Board
AALI,Astra Agro Lestari Tbk.,Main
ABMM,ABM Investama Tbk.,Main
ACES,Aspirasi Hidup Indonesia Tbk.,Main
ADES,Akasha Wira International Tbk.,Main
ADHI,Adhi Karya (Persero) Tbk.,Main
AISA,FKS Food Sejahtera Tbk.,Main
AKRA,AKR Corporindo Tbk.,Main
ALDO,Alkindo Naratama Tbk.,Main
AMAG,Asuransi Multi Artha Guna Tbk.,Main
AMRT,Sumber Alfaria Trijaya Tbk.,Main
ANTM,ANTAM (Persero) Tbk.,Main
APLN,Agung Podomoro Land Tbk.,Main
ARNA,Arwana Citramulia Tbk.,Main
ARTO,Bank Jago Tbk.,Main
ASGR,Astra Graphia Tbk.,Main
ASII,Astra International Tbk.,Main
ASRI,Alam Sutera Realty Tbk.,Main
ASSA,Adi Sarana Armada Tbk.,Main
AUTO,Astra Otoparts Tbk.,Main
BACA,Bank Capital Indonesia Tbk.,Main
BALI,Bali Towerindo Sentra Tbk.,Main
BAYU,Bayu Buana Tbk,Main
BBCA,Bank Central Asia Tbk.,Main
BBHI,Allo Bank Indonesia Tbk.,Main
BBMD,Bank Mestika Dharma Tbk.,Main
BBNI,Bank Negara Indonesia (Persero,Main
BBRI,Bank Rakyat Indonesia (Persero,Main
BBTN,Bank Tabungan Negara (Persero),Main
BBYB,Bank Neo Commerce Tbk.,Main
BCAP,MNC Kapital Indonesia Tbk.,Main
BDMN,Bank Danamon Indonesia Tbk.,Main
BEST,Bekasi Fajar Industrial Estate,Main
BFIN,BFI Finance  Indonesia Tbk.,Main
BGTG,Bank Ganesha Tbk.,Main
BINA,Bank Ina Perdana Tbk.,Main
BIRD,Blue Bird Tbk.,Main
BISI,BISI International Tbk.,Main
BJBR,Bank Pembangunan Daerah Jawa B,Main
BJTM,Bank Pembangunan Daerah Jawa T,Main
BKSL,Sentul City Tbk.,Main
BMRI,Bank Mandiri (Persero) Tbk.,Main
BMTR,Global Mediacom Tbk.,Main
BNGA,Bank CIMB Niaga Tbk.,Main
BNII,Bank Maybank Indonesia Tbk.,Main
BNLI,Bank Permata Tbk.,Main
BRMS,Bumi Resources Minerals Tbk.,Main
BRPT,Barito Pacific Tbk.,Main
BSDE,Bumi Serpong Damai Tbk.,Main
BSIM,Bank Sinarmas Tbk.,Main
BSSR,Baramulti Suksessarana Tbk.,Main
BTPN,Bank SMBC Indonesia Tbk.,Main
BUDI,Budi Starch & Sweetener Tbk.,Main
BUMI,Bumi Resources Tbk.,Main
BVIC,Bank Victoria International Tb,Main
BWPT,Eagle High Plantations Tbk.,Main
BYAN,Bayan Resources Tbk.,Main
CASS,Cahaya Aero Services Tbk.,Main
CFIN,Clipan Finance Indonesia Tbk.,Main
CITA,Cita Mineral Investindo Tbk.,Main
CMNP,Citra Marga Nusaphala Persada,Main
CPIN,Charoen Pokphand Indonesia Tbk,Main
CTRA,Ciputra Development Tbk.,Main
DEWA,Darma Henwa Tbk,Main
DILD,Intiland Development Tbk.,Main
DKFT,Central Omega Resources Tbk.,Main
DLTA,Delta Djakarta Tbk.,Main
DMAS,Puradelta Lestari Tbk.,Main
DNET,Indoritel Makmur Internasional,Main
DSNG,Dharma Satya Nusantara Tbk.,Main
DSSA,Dian Swastatika Sentosa Tbk,Main
ELSA,Elnusa Tbk.,Main
EMTK,Elang Mahkota Teknologi Tbk.,Main
ENRG,Energi Mega Persada Tbk.,Main
EPMT,Enseval Putera Megatrading Tbk,Main
ERAA,Erajaya Swasembada Tbk.,Main
ESSA,ESSA Industries Indonesia Tbk.,Main
ESTI,Ever Shine Tex Tbk.,Main
EXCL,XLSMART Telecom Sejahtera Tbk.,Main
FISH,FKS Multi Agro Tbk.,Main
GEMS,Golden Energy Mines Tbk.,Main
GGRM,Gudang Garam Tbk.,Main
GJTL,Gajah Tunggal Tbk.,Main
GZCO,Gozco Plantations Tbk.,Main
HERO,DFI Retail Nusantara Tbk.,Main
HEXA,Hexindo Adiperkasa Tbk.,Main
HMSP,H.M. Sampoerna Tbk.,Main
HRUM,Harum Energy Tbk.,Main
ICBP,Indofood CBP Sukses Makmur Tbk,Main
IMAS,Indomobil Sukses Internasional,Main
IMPC,Impack Pratama Industri Tbk.,Main
INCO,Vale Indonesia Tbk.,Main
INDF,Indofood Sukses Makmur Tbk.,Main
INDY,Indika Energy Tbk.,Main
INKP,Indah Kiat Pulp & Paper Tbk.,Main
INPC,Bank Artha Graha Internasional,Main
INTP,Indocement Tunggal Prakarsa Tb,Main
ISAT,Indosat Tbk.,Main
ISSP,Steel Pipe Industry of Indones,Main
ITMG,Indo Tambangraya Megah Tbk.,Main
JIHD,Jakarta International Hotels &,Main
JKON,Jaya Konstruksi Manggala Prata,Main
JPFA,Japfa Comfeed Indonesia Tbk.,Main
JRPT,Jaya Real Property Tbk.,Main
JSMR,Jasa Marga (Persero) Tbk.,Main
JSPT,Jakarta Setiabudi Internasiona,Main
JTPE,Jasuindo Tiga Perkasa Tbk.,Main
KBLI,KMI Wire & Cable Tbk.,Main
KIJA,Kawasan Industri Jababeka Tbk.,Main
KKGI,Resource Alam Indonesia Tbk.,Main
KLBF,Kalbe Farma Tbk.,Main
KPIG,MNC Tourism Indonesia Tbk.,Main
LPCK,Lippo Cikarang Tbk,Main
LPKR,Lippo Karawaci Tbk.,Main
LPPF,MDS Retailing Tbk.,Main
LSIP,PP London Sumatra Indonesia Tb,Main
LTLS,Lautan Luas Tbk.,Main
MAIN,Malindo Feedmill Tbk.,Main
MAPI,Mitra Adiperkasa Tbk.,Main
MAYA,Bank Mayapada Internasional Tb,Main
MBSS,Mitrabahtera Segara Sejati Tbk,Main
MCOR,Bank China Construction Bank I,Main
MDKA,Merdeka Copper Gold Tbk.,Main
MEDC,Medco Energi Internasional Tbk,Main
MEGA,Bank Mega Tbk.,Main
MERK,Merck Tbk.,Main
MIDI,Midi Utama Indonesia Tbk.,Main
MIKA,Mitra Keluarga Karyasehat Tbk.,Main
MLBI,Multi Bintang Indonesia Tbk.,Main
MLPL,Multipolar Tbk.,Main
MNCN,Media Nusantara Citra Tbk.,Main
MPMX,Mitra Pinasthika Mustika Tbk.,Main
MREI,Maskapai Reasuransi Indonesia,Main
MTDL,Metrodata Electronics Tbk.,Main
MTLA,Metropolitan Land Tbk.,Main
MYOR,Mayora Indah Tbk.,Main
NISP,Bank OCBC NISP Tbk.,Main
NOBU,Bank Nationalnobu Tbk.,Main
PADI,Minna Padi Investama Sekuritas,Main
PALM,Provident Investasi Bersama Tb,Main
PANS,Panin Sekuritas Tbk.,Main
PGAS,Perusahaan Gas Negara (Persero,Main
PNBN,Bank Pan Indonesia Tbk,Main
PNIN,Paninvest Tbk.,Main
PNLF,Panin Financial Tbk.,Main
PTBA,Bukit Asam (Persero) Tbk.,Main
PTPP,PP (Persero) Tbk.,Main
PTRO,Petrosea Tbk.,Main
PWON,Pakuwon Jati Tbk.,Main
RAJA,Rukun Raharja Tbk.,Main
RALS,Ramayana Lestari Sentosa Tbk.,Main
SAME,Sarana Meditama Metropolitan T,Main
SCMA,Surya Citra Media Tbk.,Main
SGRO,Prime Agri Resources Tbk.,Main
SIDO,Industri Jamu dan Farmasi Sido,Main
SILO,Siloam International Hospitals,Main
SIMP,Salim Ivomas Pratama Tbk.,Main
SMAR,Sinar Mas Agro Resources and T,Main
SMBR,Semen Baturaja (Persero) Tbk.,Main
SMDR,Samudera Indonesia  Tbk.,Main
SMGR,Semen Indonesia (Persero) Tbk.,Main
SMRA,Summarecon Agung Tbk.,Main
SMSM,Selamat Sempurna Tbk.,Main
SRTG,Saratoga Investama Sedaya Tbk.,Main
SSIA,Surya Semesta Internusa Tbk.,Main
SSMS,Sawit Sumbermas Sarana Tbk.,Main
TBIG,Tower Bersama Infrastructure T,Main
TBLA,Tunas Baru Lampung Tbk.,Main
TINS,TIMAH (Persero) Tbk.,Main
TKIM,Pabrik Kertas Tjiwi Kimia Tbk.,Main
TLKM,Telkom Indonesia (Persero) Tbk,Main
TMAS,Temas Tbk.,Main
TOBA,TBS Energi Utama Tbk.,Main
TOTL,Total Bangun Persada Tbk.,Main
TOTO,Surya Toto Indonesia Tbk.,Main
TOWR,Sarana Menara Nusantara Tbk.,Main
TPIA,Chandra Asri Pacific Tbk.,Main
TPMA,Trans Power Marine Tbk.,Main
TRIM,Trimegah Sekuritas Indonesia T,Main
TSPC,Tempo Scan Pacific Tbk.,Main
ULTJ,Ultrajaya Milk Industry & Trad,Main
UNIC,Unggul Indah Cahaya Tbk.,Main
UNTR,United Tractors Tbk.,Main
UNVR,Unilever Indonesia Tbk.,Main
VICO,Victoria Investama Tbk.,Main
WIIM,Wismilak Inti Makmur Tbk.,Main
WINS,Wintermar Offshore Marine Tbk.,Main
WTON,Wijaya Karya Beton Tbk.,Main
SHIP,Sillo Maritime Perdana Tbk.,Main
POWR,Cikarang Listrindo Tbk.,Main
PRDA,Prodia Widyahusada Tbk.,Main
BRIS,Bank Syariah Indonesia (Perser,Main
PORT,Nusantara Pelabuhan Handal Tbk,Main
CARS,Industri dan Perdagangan Bintr,Main
CLEO,Sariguna Primatirta Tbk.,Main
WOOD,Integra Indocabinet Tbk.,Main
HRTA,Hartadinata Abadi Tbk.,Main
MARK,Mark Dynamics Indonesia Tbk.,Main
PSSI,IMC Pelita Logistik Tbk.,Main
MORA,Ekamas Mora Republik Tbk.,Main
PBID,Panca Budi Idaman Tbk.,Main
IPCM,Jasa Armada Indonesia Tbk.,Main
BTPS,Bank BTPN Syariah Tbk.,Main
SPTO,Surya Pertiwi Tbk.,Main
HEAL,Medikaloka Hermina Tbk.,Main
TUGU,Asuransi Tugu Pratama Indonesi,Main
MSIN,MNC Digital Entertainment Tbk.,Main
MAPA,Map Aktif Adiperkasa Tbk.,Main
IPCC,Indonesia Kendaraan Terminal T,Main
FILM,MD Entertainment Tbk.,Main
PANI,Pantai Indah Kapuk Dua Tbk.,Main
GOOD,Garudafood Putra Putri Jaya Tb,Main
SKRN,Superkrane Mitra Utama Tbk.,Main
BOLA,Bali Bintang Sejahtera Tbk.,Main
KOTA,DMS Propertindo Tbk.,Main
HDIT,Hensel Davest Indonesia Tbk.,Main
KEEN,Kencana Energi Lestari Tbk.,Main
TEBE,Dana Brata Luhur Tbk.,Main
KEJU,Mulia Boga Raya Tbk.,Main
PSGO,Palma Serasih Tbk.,Main
UCID,Uni-Charm Indonesia Tbk.,Main
GLVA,Galva Technologies Tbk.,Main
AMAR,Bank Amar Indonesia Tbk.,Main
DMND,Diamond Food Indonesia Tbk.,Main
SAMF,Saraswanti Anugerah Makmur Tbk,Main
SGER,Sumber Global Energy Tbk.,Main
PNGO,Pinago Utama Tbk.,Main
BBSI,Krom Bank Indonesia Tbk.,Main
VICI,Victoria Care Indonesia Tbk.,Main
TAPG,Triputra Agro Persada Tbk.,Main
MASB,Bank Multiarta Sentosa Tbk.,Main
BMHS,Bundamedik Tbk.,Main
BUKA,Bukalapak.com Tbk.,Ekonomi Baru
MCOL,Prima Andalan Mandiri Tbk.,Main
MTEL,Dayamitra Telekomunikasi Tbk.,Main
CMRY,Cisarua Mountain Dairy Tbk.,Main
RMKE,RMK Energy Tbk.,Main
AVIA,Avia Avian Tbk.,Main
DRMA,Dharma Polimetal Tbk.,Main
ADMR,Alamtri Minerals Indonesia Tbk,Main
STAA,Sumber Tani Agung Resources Tb,Main
GOTO,GoTo Gojek Tokopedia Tbk.,Development
TLDN,Teladan Prima Agro Tbk.,Main
MTMH,Murni Sadar Tbk.,Main
TRGU,Cerestar Indonesia Tbk.,Main
HATM,Habco Trans Maritima Tbk.,Main
JARR,Jhonlin Agro Raya Tbk.,Main
ELPI,Pelayaran Nasional Ekalya Purn,Main
PRAY,Famon Awal Bros Sedaya Tbk.,Main
CBUT,Citra Borneo Utama Tbk.,Main
MKTR,Menthobi Karyatama Raya Tbk.,Main
OMED,Jayamas Medica Industri Tbk.,Main
SUNI,Sunindo Pratama Tbk.,Main
PGEO,Pertamina Geothermal Energy Tb,Main
BDKR,Berdikari Pondasi Perkasa Tbk.,Main
CUAN,Petrindo Jaya Kreasi Tbk.,Main
SMIL,Sarana Mitra Luas Tbk.,Main
AMMN,Amman Mineral Internasional Tb,Main
MAHA,Mandiri Herindo Adiperkasa Tbk,Main
ERAL,Sinar Eka Selaras Tbk.,Main
BREN,Barito Renewables Energy Tbk.,Main
MSTI,Mastersystem Infotama Tbk.,Main
ALII,Ancara Logistics Indonesia Tbk,Main
GOLF,Intra Golflink Resorts Tbk.,Main
DAAZ,Daaz Bara Lestari Tbk.,Main
AADI,Adaro Andalan Indonesia Tbk.,Main
MDIY,Daya Intiguna Yasa Tbk.,Main
DGWG,Delta Giri Wacana Tbk.,Main
CBDK,Bangun Kosambi Sukses Tbk.,Main
BLOG,Trimitra Trans Persada Tbk.,Main
YUPI,Yupi Indo Jelly Gum Tbk.,Main
MDLA,Medela Potentia Tbk.,Main
MBMA,Merdeka Battery Materials Tbk.,Main
RAAM,Tripar Multivision Plus Tbk.,Main
JECX,Nitrasanata Dharma Tbk.,Main
BACH,Bach Multi Global Tbk.,Main
ADRO,Alamtri Resources Indonesia Tb,Main
AGRO,Bank Raya Indonesia Tbk.,Main
